{"substrate": {"height": 0.1588, "epsilon": 2.2, "width": 2.138654122563142, "length": 1.8588553203835756}, "patch": {"width": 1.1858541225631423, "length": 0.9060553203835756, "inset_depth": 0.3126080846867727, "notch_width": 0.005, "feed_width": 0.2}, "frequency": 10000000000.0, "quarter_wave": 0.75}